{"cameraMode":{"drawMode":0,"name":"Shaded","section":"Shading Mode"},"sceneLighting":true,"audioPlay":false,"sceneViewState":{"m_AlwaysRefresh":false,"showFog":true,"showSkybox":true,"showFlares":true,"showImageEffects":true,"showParticleSystems":true,"showVisualEffectGraphs":true,"m_FxEnabled":true},"in2DMode":false,"pivot":{"x":1.6912074089050294,"y":1.0831494331359864,"z":1.6152069568634034},"rotation":{"x":-0.24774660170078278,"y":0.5435448884963989,"z":-0.17190347611904145,"w":-0.7833572626113892},"size":2.9548182487487795,"orthographic":false}